{
	"events":
	[
		{
			"name":"Poll",
			"id":"1",
			"type":"smallEvent",
			"text":"You've decided ot take a poll to gauge opinions about your campaign. Choose the questions you would like to include below.",
			"timeRequired":"1",
			"groupPos":"Res",
			"groupNeg":"",
			"results":"",
			"scoreInc":".1",
			"options":
			[
				{
					"optionName":"Pay Participant",
					"optionID":"PayParticipant",
					"type":"boost",
					"extraTime" : "1", 
					"posEffects":"Low,Poor",
					"negEffects":""
				},
				{					
					"optionName":"Publish Findings",
					"optionID":"PublishFindings",
					"type":"boost",
					"extraTime" : "1", 
					"posEffects":"",
					"negEffects":"Read"
				}
			]
			
		},
			
		{
			"name":"Ice Cream Social",
			"id":"2",
			"type":"smallEvent",
			"text":"Setting up infront of the building, you starts passing out vanilla ice cream to those who are coming in and out of the building. ",
			"timeRequired":"2",
			"groupPos":"Bus",
			"groupNeg":"",
			"results":"",
			"loc":"Gym",
			"scoreInc":".4",
            "path": "..\\\\img\\events\\freeicecreambg.png",
			"options":
			[
				{
					"optionName":"Offer More Flavors",
					"optionID":"moreflavor",
					"type":"boost",
					"extraTime" : "1", 
					"posEffects":"Soc",
					"negEffects":""
				},
				{
					"optionName":"Offer Stickers",
					"optionID":"stickers",
					"type":"boost",
					"extraTime" : "1", 
					"posEffects":"Tech",
					"negEffects":""
				}
			]
					
					
		},
		
		{
			"name":"Community Service",
			"id":"3",
			"type":"smallEvent",
			"text":"You've decided to help out the community by collecting food for the poor and needy, organizing it, and shipping it to the local food bank.",
			"timeRequired":"2",
			"groupPos":"Law",
			"groupNeg":"",
			"results":"The voters really responded to your charm and you did a great job of endorsing your platform.",
			"loc":"Lib",
			"scoreInc":".4",
            "path": "..\\\\img\\events\\fooddrivebg.png",
			"options":
			[
			]
		},
		
		{
			"name":"Compete in Game Tournament",
			"id":"4",
			"type":"smallEvent",
			"text":"You decided to compete in video game tournament at school in hopes of becoming more popular with the students.",
			"timeRequired":"2",
			"groupPos":"Gam",
			"groupNeg":"",
			"results":"",
			"loc":"Lab",
			"scoreInc":".4",
            "path": "..\\\\img\\events\\gammingbg.png",
			"options":
			[
				{
					"optionName":"Hand out Stickers",
					"optionID":"HireaDJ",
					"type":"boost",
					"extraTime" : "1", 
					"posEffects":"Tech",
					"negEffects":""

				}
			]
					
		},
		
		{
			"name":"Create Posters",
			"id":"5",
			"type":"smallEvent",
			"text":"Heading over to the Arts college, you decide to work posters for your campaign. You also hope to spend time with Arts students.",
			"timeRequired":"2",
			"groupPos":"Arts",
			"groupNeg":"",
			"results":"",
			"loc":"Com",
			"scoreInc":".4",
            "path": "..\\\\img\\events\\posterartsbg.png",
			"options":
			[
				{
					"optionName":"Use Digital Media",
					"optionID":"PromoteLiteracy",
					"type":"boost",
					"extraTime" : "1", 
					"posEffects":"Tech",
					"negEffects":""
				},
				{
					"optionName":"Get Coffee with Arts Kids",
					"optionID":"ClaimTaxDeductable",
					"type":"boost",
					"extraTime" : "1", 
					"posEffects":"Soc",
					"negEffects":""
				}
			]
					
					
		},
		
		{
			"name":"Mars U Sports Game",
			"id":"6",
			"type":"smallEvent",
			"text":"Time to support out local floozball team! Head over to the gazorb field and cheer your hearts out!",
			"timeRequired":"2",
			"groupPos":"Ath",
			"groupNeg":"",
			"results":"",
			"loc":"Gym",
			"scoreInc":".4",
            "path": "..\\\\img\\events\\footballgame.png",
			"options":
			[
				{
					"optionName":"Posters for the Game",
					"optionID":"posters",
					"type":"boost",
					"extraTime" : "1", 
					"posEffects":"Arts",
					"negEffects":""
				},
				{
					"optionName":"Sponsor a Team",
					"optionID":"sponsorTeam",
					"type":"boost",
					"extraTime" : "1", 
					"posEffects":"Bus",
					"negEffects":""
				}
			]
					
		},
		
		{
			"name":"Study in the Library",
			"id":"7",
			"type":"smallEvent",
			"text":"Time to buckle down and study. Time to sit down and have some peace and quite, or study with a group of people.",
			"timeRequired":"2",
			"groupPos":"Read",
			"groupNeg":"",
			"results":"",
			"loc":"Lib",
			"scoreInc":".4",
            "path": "..\\\\img\\events\\footballgame.png",
			"options":
			[
				{
					"optionName":"Study with your Friends",
					"optionID":"DonateaPercentageofProfits",
					"type":"boost",
					"extraTime" : "1", 
					"posEffects":"Law",
					"negEffects":""
				},
				{
					"optionName":"Listen to Guitarist ",
					"optionID":"study",
					"type":"boost",
					"extraTime" : "1", 
					"posEffects":"Arts",
					"negEffects":""
				}
			]
					
					
		},
		
		{
			"name":"Test Students Programs",
			"id":"8",
			"type":"smallEvent",
			"text":"Students in technology want people to try out their programs. You gladly agree to help them and give them feedback.",
			"timeRequired":"2",
			"groupPos":"Gam",
			"groupNeg":"",
			"results":"",
			"loc":"Labs",
			"scoreInc":".4",
            "path": "..\\\\img\\events\\TestProgrambg.png",
			"options":
			[
			]
		},
		
		{
			"name":"Go to a Party",
			"id":"9",
			"type":"smallEvent",
			"text":"You decide to go hangout with your school mates and party after dealing with a long week. It's a good time to say hello and become more famous.",
			"timeRequired":"2",
			"groupPos":"Soc",
			"groupNeg":"",
			"results":"",
			"loc":"Lib",
			"scoreInc":".4",
            "path": "..\\\\img\\events\\GottoaPartyBG.png",
			"options":
			[
				{
					"optionName":"Get in a Friendly Debate",
					"optionID":"CommunityOutreach",
					"type":"boost",
					"extraTime" : "1", 
					"posEffects":"Law",
					"negEffects":""
				}
			]
		},
		
		{
			"name":"Charity Event",
			"id":"10",
			"type":"smallEvent",
			"text":"Certain voters need some extra convincing that you have their interests at hearts, so why don't you stop by a club to show that your interests align with theirs. ",
			"timeRequired":"2",
			"groupPos":"Bus",
			"groupNeg":"",
			"results":"",
			"loc":"Gym",
			"scoreInc":".4",
            "path": "..\\\\img\\events\\charityeventbg.png",
			"options":
			[
			]
		},
		
		{
			"name":"Meet the Robotics Team",
			"id":"11",
			"type":"smallEvent",
			"text":"Talk to the Robotics Team about their current project and their plan for the future.",
			"timeRequired":"2",
			"groupPos":"Tech",
			"groupNeg":"",
			"results":"",
			"loc":"Lab",
			"scoreInc":".4",
            "path": "..\\\\img\\events\\roboticsclubbg.png",
			"options":
			[
				{
					"optionName":"Talk about their Budget",
					"optionID":"PoolsideViewing",
					"type":"boost",
					"extraTime" : "1", 
					"posEffects":"Bus",
					"negEffects":""
				},
				{
					"optionName":"Ask about Robotics",
					"optionID":"DriveIn",
					"type":"boost",
					"extraTime" : "1", 
					"posEffects":"Read",
					"negEffects":""
				}
			]
		},
		
		{
			"name":"Meet the Debate Team",
			"id":"12",
			"type":"smallEvent",
			"text":"You decide to talk to the Debate Team about what their current plans are and how they're doing in competitions.",
			"timeRequired":"2",
			"groupPos":"Law",
			"groupNeg":"",
			"results":"",
			"loc":"Lib",
			"scoreInc":".4",
            "path": "..\\\\img\\events\\debatebg.png",
			"options":
			[
				{
					"optionName":"Research Topics",
					"optionID":"PoetrySlam",
					"type":"boost",
					"extraTime" : "1", 
					"posEffects":"Read",
					"negEffects":""
				}
			]
			
		},
		
		{
			"name":"Visit the Tech Lab",
			"id":"13",
			"type":"smallEvent",
			"text":"You decide to come by and look at all the projects that are being created in the Tech Lab.",
			"timeRequired":"2",
			"groupPos":"Tech",
			"groupNeg":"",
			"results":"You managed to sway a lot of people to your side with your quick witted responses.",
			"loc":"Lab",
			"scoreInc":".4",
            "path": "..\\\\img\\events\\techlabsbg.png",
			"options":
			[
				{
					"optionName":"Offer Free Food",
					"optionID":"LiveStream",
					"type":"boost",
					"extraTime" : "1", 
					"posEffects":"Gam",
					"negEffects":""
				}
			]
		},
		
		{
			"name":"Help Paint Mural",
			"id":"14",
			"type":"smallEvent",
			"text":"Help the Arts students work on the giant mural that they've been working on all semester.",
			"timeRequired":"2",
			"groupPos":"Arts",
			"groupNeg":"",
			"results":"",
			"loc":"Com",
			"scoreInc":".4",
            "path": "..\\\\img\\events\\paintingbg.png",
			"options":
			[
				{
					"optionName":"Look into a Mural Budget",
					"optionID":"LiveStream",
					"type":"boost",
					"extraTime" : "1", 
					"posEffects":"Bus",
					"negEffects":""
				}
			]
		},
		
		{
			"name":"Work Out",
			"id":"15",
			"type":"smallEvent",
			"text":"Time to work out at the gym. Loose some weight and get to know the students.",
			"timeRequired":"2",
			"groupPos":"Ath",
			"groupNeg":"",
			"results":"",
			"loc":"Gym",
			"scoreInc":".4",
            "path": "..\\\\img\\events\\gymbg.png",
			"options":
			[
			]
		},
		
		{
			"name":"Book Drive",
			"id":"16",
			"type":"smallEvent",
			"text":"Let's help the library out and get some more books in the library. ",
			"timeRequired":"2",
			"groupPos":"Read",
			"groupNeg":"",
			"results":"",
			"loc":"Library",
			"scoreInc":".4",
            "path": "..\\\\img\\events\\bookdrivebg.png",
			"options": 
			[
			]
		},
		
		{
			"name":"Promote Club Activities",
			"id":"17",
			"type":"smallEvent",
			"text":"It's that time of year - Club Fair! Help clubs organize and promote themselves to get new members.",
			"timeRequired":"2",
			"groupPos":"Soc",
			"groupNeg":"",
			"results":"",
			"loc":"Labs",
			"scoreInc":".4",
            "path": "..\\\\img\\events\\clubsbg.png",
			"options": 
			[
				{
					"optionName":"Hand out Flyers",
					"optionID":"PublishFindings",
					"type":"boost",
					"extraTime" : "1", 
					"posEffects":"Read",
					"negEffects":""
				}
			]
		},		
		{
			"name":"Coffee Run",
			"id":"18",
			"type":"smallEvent",
			"text":"Time for a quick burst of advertising. Take an hour and run accross campus high fiving as many voters as you can.",
			"timeRequired":"2",
			"groupPos":"Ath",
			"groupNeg":"",
			"results":"",
			"loc":"Gym",
			"scoreInc":".4",
            "path": "..\\\\img\\events\\gymbg.png",
			"options":
			[
				{
					"optionName":"Minigame",
					"optionID":"Minigame",
					"type":"game",
					"extraTime" : "1", 
					"posEffects":"",
					"negEffects":"",
					"loader": "1"
				}
			]
		},

		{
			"name":"Photobomb",
			"id":"19",
			"type":"smallEvent",
			"text":"Lets take pictures",
			"timeRequired":"2",
			"groupPos":"Soc",
			"groupNeg":"",
			"results":"",
			"loc":"Com",
			"scoreInc":".4",
            "path": "..\\\\img\\events\\gymbg.png",
			"options":
			[
				{
					"optionName":"Minigame",
					"optionID":"Minigame",
					"type":"game",
					"extraTime" : "1", 
					"posEffects":"",
					"negEffects":"",
					"loader": "2"
				}
			]
		}, 

	
        
		{
			"name":"Secret Sticker",
			"id":"20",
			"type":"smallEvent",
			"text":"Attract People to your side, by giving them a sticker.",
			"timeRequired":"2",
			"groupPos":"Read",
			"groupNeg":"",
			"results":"",
			"loc":"Lab",
			"scoreInc":".4",
            "path": "..\\\\img\\events\\gymbg.png",
			"options":
			[
				{
					"optionName":"Minigame",
					"optionID":"Minigame",
					"type":"game",
					"extraTime" : "1", 
					"posEffects":"",
					"negEffects":"",
					"loader": "3"
				}
			]
		},

			{
			"name":"Mean Moves",
			"id":"21",
			"type":"smallEvent",
			"text":"Lets take pictures",
			"timeRequired":"2",
			"groupPos":"Arts",
			"groupNeg":"",
			"results":"",
			"loc":"Com",
			"scoreInc":".4",
            "path": "..\\\\img\\events\\gymbg.png",
			"options":
			[
				{
					"optionName":"Minigame",
					"optionID":"Minigame",
					"type":"game",
					"extraTime" : "1", 
					"posEffects":"",
					"negEffects":"",
					"loader": "4"
				}
			]
		},

			{
			"name":"T-Shirt Canon",
			"id":"22",
			"type":"smallEvent",
			"text":"Lets take pictures",
			"timeRequired":"2",
			"groupPos":"Gam",
			"groupNeg":"",
			"results":"",
			"loc":"Gym",
			"scoreInc":".4",
            "path": "..\\\\img\\events\\gymbg.png",
			"options":
			[
				{
					"optionName":"Minigame",
					"optionID":"Minigame",
					"type":"game",
					"extraTime" : "1", 
					"posEffects":"",
					"negEffects":"",
					"loader": "5"
				}
			]
		}


	],

	"questions":
	[
		{
			"question":"What issue are you most in favor of?", 
			"labels":"Tuition, Budgets, Functions,Medical",
			"graph":"0,0,0,0",
			"id":"0",
			"value":"issFav"
		},
		{
			"question":"What issue are you most in opposition to?", 
			"labels":"Tuition, Budgets, Functions,Medical",
			"graph":"0,0,0,0",
			"id":"1",
			"value":"issOpp"
		},
		{
			"question":"What candidate are you most in favor of?", 
			"labels":"Liz, You",
			"graph":"0,0",
			"id":"2",
			"value":"candFav"
		},
		{
			"question":"What candidate are you most in opposition to?", 
			"id":"3",
			"labels":"You, Liz",
			"graph":"0,0",
			"value":"candOpp"
		},
		{
			"question":"What is your major?", 
			"labels":"Business, Law, Tech, Arts",
			"graph":"0,0,0,0",
			"id":"4",
			"value":"major"
		},
		{
			"question":"What is your economic class?", 
			"labels":"Poverty, Low, Middle Low, Middle High, High",
			"graph":"0,0,0,0,0",
			"id":"5",
			"value":"class"
		},
		{
			"question":"What group do you identify with?", 
			"labels":"Socialite, Athlete, Gamer, Reader",
			"graph":"0,0,0,0",
			"id":"6",
			"value":"group"
		},
		
		{
			"question":"How much do you know me?", 
			"labels":"Well, Neutral, Not Well",
			"graph":"0,0,0",
			"id":"7",
			"value":"fame"
		},
		{
			"question":"How good of a job do you think I will do? ", 
			"labels":"Bad, Neutral, Good",
			"graph":"0,0,0",
			"id":"8",
			"value":"playTrust"
		},

		{
			"question":"How do you feel about this issue?", 
			"labels":"Like, Neutral, Dislike",
			"graph":"0,0,0",
			"id":"9",
			"value":"issue"
		},
		{
			"question":"How much do you know this candidate? ", 
			"labels":"Like, Neutral, Dislike",
			"graph":"0,0,0",
			"id":"10",
			"value":"candFame"
		},
		{
			"question":"How good of a job do you think this candidate will do? ", 
			"labels":"Bad, Neutral, Good",
			"graph":"0,0,0",
			"id":"11",
			"value":"candTrust"
		}
	]
}