{
  "google": {
    "clientID": "548115275232-e0pc20jub1mjv8seq0jfi0rjt6hm4ffr.apps.googleusercontent.com",
    "clientSecret": "Sy_AGvNp5niDv8VuigvMpvzf",
    "callbackURL": "https://thinkingcapdevserver.herokuapp.com/auth/google/callback",
    "passReqToCallback": "true"
  },
  "recaptcha": {
    "siteKey": "6Lf6_AoUAAAAALOqUr3EvNE-E21j9FMMcKYidJNT",
    "secretKey" : "6Lf6_AoUAAAAAHMl58A-6Q1Yv65S1ROeld82FRSy",
    "options": ""
  },
  "thinkingcapGmail": {
    "user": "thinkingcapdevs@gmail.com",
    "pass": "thinkingcap2016"
  },
  "thinkingcapMail": {
    "user": "thinkingcapdevs@outlook.com",
    "pass": "thinkingcap2017"
  }
}
